<?xml version="1.0" encoding="UTF-8"?>
<CustomField xmlns="http://soap.sforce.com/2006/04/metadata">
    <fullName>Account_Contract__c</fullName>
    <deleteConstraint>SetNull</deleteConstraint>
    <externalId>false</externalId>
    <label>Account Contract</label>
    <referenceTo>Account_Contract__c</referenceTo>
    <relationshipLabel>Account Contract Clauses</relationshipLabel>
    <relationshipName>Account_Contract_Clauses</relationshipName>
    <required>false</required>
    <trackTrending>false</trackTrending>
    <type>Lookup</type>
</CustomField>
